file_name, label
IMG_2837.jpeg, 0
IMG_2838.jpeg, 0
IMG_2839.jpeg, 0
IMG_2840.jpeg, 0 
IMG_2841.jpeg, 0 
IMG_2842.jpeg, 0 
IMG_2843.jpeg, 0 
IMG_2844.jpeg, 0 
IMG_2845.jpeg, 0 
IMG_2846.jpeg, 0 
IMG_2847.jpeg, 0 
IMG_2848.jpeg, 0 
IMG_2849.jpeg, 0 
IMG_2850.jpeg, 0 
IMG_2851.jpeg, 0 
IMG_2852.jpeg, 0 
IMG_2853.jpeg, 0 
IMG_2854.jpeg, 0 
IMG_2855.jpeg, 0 
IMG_2856.jpeg, 0 
IMG_2857.jpeg, 0 
IMG_2858.jpeg, 0 
IMG_2859.jpeg, 0 
IMG_2860.jpeg, 0 
IMG_2861.jpeg, 0 
IMG_2862.jpeg, 0 
IMG_2863.jpeg, 0 
IMG_2864.jpeg, 0 
IMG_2865.jpeg, 0 
IMG_2866.jpeg, 0 
IMG_2867.jpeg, 0 
IMG_2868.jpeg, 0 
IMG_2869.jpeg, 0 
IMG_2870.jpeg, 0 
IMG_2871.jpeg, 0 
IMG_2872.jpeg, 0 
IMG_2873.jpeg, 0 
IMG_2874.jpeg, 0 
IMG_2875.jpeg, 0 
IMG_2876.jpeg, 0 
IMG_2877.jpeg, 0 
IMG_2878.jpeg, 0 
IMG_2879.jpeg, 0 
IMG_2880.jpeg, 0 
IMG_2881.jpeg, 0 
IMG_2882.jpeg, 0 
IMG_2883.jpeg, 0 
IMG_2884.jpeg, 0 
IMG_2885.jpeg, 0 
IMG_2886.jpeg, 0 
IMG_2887.jpeg, 0 
IMG_2888.jpeg, 0 
IMG_2889.jpeg, 0 
IMG_2890.jpeg, 0 
IMG_2891.jpeg, 0 
IMG_2892.jpeg, 0 
IMG_2893.jpeg, 0 
IMG_2894.jpeg, 0 
IMG_2895.jpeg, 0 
IMG_2896.jpeg, 0 
IMG_2897.jpeg, 0 
IMG_2898.jpeg, 0 
IMG_2899.jpeg, 0 
IMG_2900.jpeg, 0 
IMG_2901.jpeg, 0 
IMG_2902.jpeg, 0 
IMG_2903.jpeg, 0 
IMG_2904.jpeg, 0 
IMG_2905.jpeg, 0 
IMG_2906.jpeg, 0 
IMG_2907.jpeg, 0 
IMG_2908.jpeg, 0 
IMG_2909.jpeg, 0 
IMG_2910.jpeg, 0 
IMG_2911.jpeg, 0 
IMG_2912.jpeg, 0 
IMG_2913.jpeg, 0 
IMG_2914.jpeg, 0 
IMG_2915.jpeg, 0 
IMG_2916.jpeg, 0 
IMG_2917.jpeg, 0 
IMG_2918.jpeg, 0 
IMG_2919.jpeg, 0 
IMG_2920.jpeg, 0 
IMG_2921.jpeg, 0 
IMG_2922.jpeg, 0 
IMG_2923.jpeg, 0 
IMG_2924.jpeg, 0 
IMG_2925.jpeg, 0 
IMG_2926.jpeg, 0 
IMG_2927.jpeg, 0 
IMG_2928.jpeg, 0 
IMG_2929.jpeg, 0 
IMG_2930.jpeg, 0 
IMG_2931.jpeg, 0 
IMG_2932.jpeg, 0 
IMG_2933.jpeg, 0 
IMG_2934.jpeg, 0 
IMG_2935.jpeg, 0 
IMG_2936.jpeg, 0
IMG_2628.jpeg, 1
IMG_2629.jpeg, 1 
IMG_2630.jpeg, 1 
IMG_2631.jpeg, 1 
IMG_2632.jpeg, 1 
IMG_2633.jpeg, 1 
IMG_2634.jpeg, 1 
IMG_2635.jpeg, 1 
IMG_2636.jpeg, 1 
IMG_2637.jpeg, 1 
IMG_2638.jpeg, 1 
IMG_2639.jpeg, 1 
IMG_2640.jpeg, 1 
IMG_2641.jpeg, 1 
IMG_2642.jpeg, 1 
IMG_2643.jpeg, 1 
IMG_2644.jpeg, 1 
IMG_2645.jpeg, 1 
IMG_2646.jpeg, 1 
IMG_2647.jpeg, 1 
IMG_2648.jpeg, 1 
IMG_2649.jpeg, 1 
IMG_2650.jpeg, 1 
IMG_2651.jpeg, 1 
IMG_2652.jpeg, 1 
IMG_2653.jpeg, 1 
IMG_2654.jpeg, 1 
IMG_2655.jpeg, 1 
IMG_2656.jpeg, 1 
IMG_2657.jpeg, 1 
IMG_2658.jpeg, 1 
IMG_2659.jpeg, 1 
IMG_2660.jpeg, 1 
IMG_2661.jpeg, 1 
IMG_2662.jpeg, 1 
IMG_2663.jpeg, 1 
IMG_2664.jpeg, 1 
IMG_2665.jpeg, 1 
IMG_2666.jpeg, 1 
IMG_2667.jpeg, 1 
IMG_2668.jpeg, 1 
IMG_2669.jpeg, 1 
IMG_2670.jpeg, 1 
IMG_2671.jpeg, 1 
IMG_2672.jpeg, 1 
IMG_2674.jpeg, 1 
IMG_2675.jpeg, 1 
IMG_2676.jpeg, 1 
IMG_2677.jpeg, 1 
IMG_2678.jpeg, 1 
IMG_2679.jpeg, 1 
IMG_2680.jpeg, 1 
IMG_2681.jpeg, 1 
IMG_2682.jpeg, 1 
IMG_2683.jpeg, 1 
IMG_2684.jpeg, 1 
IMG_2685.jpeg, 1 
IMG_2686.jpeg, 1 
IMG_2687.jpeg, 1 
IMG_2688.jpeg, 1 
IMG_2689.jpeg, 1 
IMG_2690.jpeg, 1 
IMG_2691.jpeg, 1 
IMG_2692.jpeg, 1 
IMG_2693.jpeg, 1 
IMG_2694.jpeg, 1 
IMG_2695.jpeg, 1 
IMG_2696.jpeg, 1 
IMG_2697.jpeg, 1 
IMG_2698.jpeg, 1 
IMG_2699.jpeg, 1 
IMG_2700.jpeg, 1 
IMG_2701.jpeg, 1 
IMG_2702.jpeg, 1 
IMG_2703.jpeg, 1 
IMG_2704.jpeg, 1 
IMG_2705.jpeg, 1 
IMG_2706.jpeg, 1 
IMG_2707.jpeg, 1 
IMG_2708.jpeg, 1 
IMG_2709.jpeg, 1 
IMG_2710.jpeg, 1 
IMG_2711.jpeg, 1 
IMG_2712.jpeg, 1 
IMG_2713.jpeg, 1 
IMG_2714.jpeg, 1 
IMG_2715.jpeg, 1 
IMG_2716.jpeg, 1 
IMG_2717.jpeg, 1 
IMG_2718.jpeg, 1 
IMG_2719.jpeg, 1 
IMG_2720.jpeg, 1
IMG_2721.jpeg, 1
IMG_2722.jpeg, 1
IMG_2723.jpeg, 1
IMG_2724.jpeg, 1
IMG_2725.jpeg, 1
IMG_2726.jpeg, 1
IMG_2727.jpeg, 1
IMG_2728.jpeg, 1
IMG_2729.jpeg, 2 
IMG_2730.jpeg, 2 
IMG_2731.jpeg, 2 
IMG_2732.jpeg, 2 
IMG_2733.jpeg, 2 
IMG_2734.jpeg, 2 
IMG_2735.jpeg, 2 
IMG_2736.jpeg, 2 
IMG_2737.jpeg, 2 
IMG_2738.jpeg, 2 
IMG_2739.jpeg, 2 
IMG_2740.jpeg, 2 
IMG_2741.jpeg, 2 
IMG_2742.jpeg, 2 
IMG_2743.jpeg, 2 
IMG_2744.jpeg, 2 
IMG_2745.jpeg, 2 
IMG_2746.jpeg, 2 
IMG_2747.jpeg, 2 
IMG_2749.jpeg, 2 
IMG_2750.jpeg, 2 
IMG_2753.jpeg, 2 
IMG_2754.jpeg, 2 
IMG_2755.jpeg, 2 
IMG_2756.jpeg, 2 
IMG_2758.jpeg, 2 
IMG_2759.jpeg, 2 
IMG_2760.jpeg, 2 
IMG_2761.jpeg, 2 
IMG_2762.jpeg, 2 
IMG_2763.jpeg, 2 
IMG_2764.jpeg, 2 
IMG_2765.jpeg, 2 
IMG_2766.jpeg, 2 
IMG_2767.jpeg, 2 
IMG_2768.jpeg, 2 
IMG_2769.jpeg, 2 
IMG_2770.jpeg, 2 
IMG_2772.jpeg, 2 
IMG_2773.jpeg, 2 
IMG_2774.jpeg, 2 
IMG_2775.jpeg, 2 
IMG_2776.jpeg, 2 
IMG_2777.jpeg, 2 
IMG_2778.jpeg, 2 
IMG_2779.jpeg, 2 
IMG_2780.jpeg, 2 
IMG_2781.jpeg, 2 
IMG_2782.jpeg, 2 
IMG_2783.jpeg, 2 
IMG_2784.jpeg, 2 
IMG_2785.jpeg, 2 
IMG_2786.jpeg, 2 
IMG_2787.jpeg, 2 
IMG_2788.jpeg, 2 
IMG_2789.jpeg, 2 
IMG_2790.jpeg, 2 
IMG_2791.jpeg, 2 
IMG_2792.jpeg, 2 
IMG_2793.jpeg, 2 
IMG_2794.jpeg, 2 
IMG_2796.jpeg, 2 
IMG_2797.jpeg, 2 
IMG_2798.jpeg, 2 
IMG_2799.jpeg, 2 
IMG_2800.jpeg, 2 
IMG_2801.jpeg, 2 
IMG_2802.jpeg, 2 
IMG_2803.jpeg, 2 
IMG_2804.jpeg, 2 
IMG_2805.jpeg, 2 
IMG_2806.jpeg, 2 
IMG_2807.jpeg, 2 
IMG_2808.jpeg, 2 
IMG_2809.jpeg, 2 
IMG_2810.jpeg, 2 
IMG_2811.jpeg, 2 
IMG_2812.jpeg, 2 
IMG_2813.jpeg, 2 
IMG_2814.jpeg, 2 
IMG_2815.jpeg, 2 
IMG_2816.jpeg, 2 
IMG_2817.jpeg, 2 
IMG_2818.jpeg, 2 
IMG_2819.jpeg, 2 
IMG_2820.jpeg, 2 
IMG_2821.jpeg, 2 
IMG_2822.jpeg, 2 
IMG_2823.jpeg, 2 
IMG_2824.jpeg, 2 
IMG_2825.jpeg, 2 
IMG_2826.jpeg, 2 
IMG_2827.jpeg, 2 
IMG_2828.jpeg, 2 
IMG_2829.jpeg, 2 
IMG_2830.jpeg, 2 
IMG_2831.jpeg, 2 
IMG_2832.jpeg, 2 
IMG_2833.jpeg, 2 
IMG_2834.jpeg, 2